{
    "total_runtime": 0.30444908142089844,
    "num_documents": 4,
    "input_load_time": 0,
    "workflows": {
        "create_base_text_units": {
            "overall": 0.16289877891540527,
            "0_orderby": 0.0008158683776855469,
            "1_zip": 0.0006690025329589844,
            "2_aggregate_override": 0.001901865005493164,
            "3_chunk": 0.14993619918823242,
            "4_select": 0.0008487701416015625,
            "5_unroll": 0.0015251636505126953,
            "6_rename": 0.00032401084899902344,
            "7_genid": 0.0009088516235351562,
            "8_unzip": 0.0006310939788818359,
            "9_copy": 0.0001819133758544922,
            "10_filter": 0.004822969436645508
        }
    }
}