{
    "total_runtime": 0.17393088340759277,
    "num_documents": 7,
    "input_load_time": 0,
    "workflows": {
        "create_base_text_units": {
            "overall": 0.09272980690002441,
            "0_orderby": 0.0010781288146972656,
            "1_zip": 0.00038123130798339844,
            "2_aggregate_override": 0.0010759830474853516,
            "3_chunk": 0.08331680297851562,
            "4_select": 0.000637054443359375,
            "5_unroll": 0.002620220184326172,
            "6_rename": 0.00017714500427246094,
            "7_genid": 0.0002720355987548828,
            "8_unzip": 0.0002961158752441406,
            "9_copy": 9.202957153320312e-05,
            "10_filter": 0.0026221275329589844
        }
    }
}