{
    "total_runtime": 1093.846060037613,
    "num_documents": 1,
    "input_load_time": 0,
    "workflows": {
        "create_base_text_units": {
            "overall": 0.07965397834777832,
            "0_orderby": 0.00047588348388671875,
            "1_zip": 0.00034427642822265625,
            "2_aggregate_override": 0.0010838508605957031,
            "3_chunk": 0.07308697700500488,
            "4_select": 0.0003838539123535156,
            "5_unroll": 0.0008189678192138672,
            "6_rename": 0.0001652240753173828,
            "7_genid": 0.00028324127197265625,
            "8_unzip": 0.0003371238708496094,
            "9_copy": 8.7738037109375e-05,
            "10_filter": 0.0024390220642089844
        },
        "create_base_extracted_entities": {
            "overall": 765.5413920879364,
            "0_entity_extract": 765.52485704422,
            "1_merge_graphs": 0.01631307601928711
        },
        "create_summarized_entities": {
            "overall": 70.34441804885864,
            "0_summarize_descriptions": 70.3441059589386
        },
        "create_base_entity_graph": {
            "overall": 0.017659902572631836,
            "0_cluster_graph": 0.017123699188232422,
            "1_select": 0.0004169940948486328
        },
        "create_final_entities": {
            "overall": 1.2237188816070557,
            "0_unpack_graph": 0.0016028881072998047,
            "1_rename": 0.0003440380096435547,
            "2_select": 0.0001919269561767578,
            "3_dedupe": 0.0012238025665283203,
            "4_rename": 0.00011396408081054688,
            "5_filter": 0.0018858909606933594,
            "6_text_split": 0.00044798851013183594,
            "7_drop": 0.0001652240753173828,
            "8_merge": 0.002724885940551758,
            "9_text_embed": 1.2131986618041992,
            "10_drop": 0.0003228187561035156,
            "11_filter": 0.0013570785522460938
        },
        "create_final_nodes": {
            "overall": 0.03007984161376953,
            "0_layout_graph": 0.0062868595123291016,
            "1_unpack_graph": 0.0014226436614990234,
            "2_unpack_graph": 0.001313924789428711,
            "3_filter": 0.001165151596069336,
            "4_drop": 0.0001499652862548828,
            "5_select": 0.00014209747314453125,
            "6_rename": 0.00011181831359863281,
            "7_join": 0.012274026870727539,
            "8_convert": 0.006874799728393555,
            "9_rename": 0.00021386146545410156
        },
        "create_final_communities": {
            "overall": 0.01641702651977539,
            "0_unpack_graph": 0.0014052391052246094,
            "1_unpack_graph": 0.0011799335479736328,
            "2_aggregate_override": 0.0036559104919433594,
            "3_join": 0.0020418167114257812,
            "4_join": 0.0016140937805175781,
            "5_concat": 0.00017213821411132812,
            "6_filter": 0.0012969970703125,
            "7_aggregate_override": 0.001390695571899414,
            "8_join": 0.0014851093292236328,
            "9_filter": 0.0011539459228515625,
            "10_fill": 0.00011324882507324219,
            "11_merge": 0.0004930496215820312,
            "12_copy": 0.00011396408081054688,
            "13_select": 0.00014901161193847656
        },
        "join_text_units_to_entity_ids": {
            "overall": 0.002588987350463867,
            "0_select": 0.00026607513427734375,
            "1_unroll": 0.0015370845794677734,
            "2_aggregate_override": 0.0006992816925048828
        },
        "create_final_relationships": {
            "overall": 0.005196094512939453,
            "0_unpack_graph": 0.0013828277587890625,
            "1_filter": 0.0011591911315917969,
            "2_rename": 0.0001270771026611328,
            "3_filter": 0.0008971691131591797,
            "4_drop": 0.00014019012451171875,
            "5_compute_edge_combined_degree": 0.0010750293731689453,
            "6_convert": 0.00018095970153808594,
            "7_convert": 0.0001270771026611328
        },
        "join_text_units_to_relationship_ids": {
            "overall": 0.0016710758209228516,
            "0_select": 0.0002422332763671875,
            "1_unroll": 0.0005230903625488281,
            "2_aggregate_override": 0.0006818771362304688,
            "3_select": 0.0001430511474609375
        },
        "create_final_community_reports": {
            "overall": 254.43930506706238,
            "0_prepare_community_reports_nodes": 0.0006489753723144531,
            "1_prepare_community_reports_edges": 0.0005650520324707031,
            "2_restore_community_hierarchy": 0.0012180805206298828,
            "3_prepare_community_reports": 0.011443138122558594,
            "4_create_community_reports": 254.41293692588806,
            "5_window": 0.011815071105957031
        },
        "create_final_text_units": {
            "overall": 0.013403892517089844,
            "0_select": 0.0006628036499023438,
            "1_rename": 0.0002579689025878906,
            "2_join": 0.006395816802978516,
            "3_join": 0.002215147018432617,
            "4_aggregate_override": 0.003435850143432617,
            "5_select": 0.000270843505859375
        },
        "create_base_documents": {
            "overall": 0.01300811767578125,
            "0_unroll": 0.0011448860168457031,
            "1_select": 0.0002129077911376953,
            "2_rename": 0.0001819133758544922,
            "3_join": 0.002468109130859375,
            "4_aggregate_override": 0.0006978511810302734,
            "5_join": 0.0016970634460449219,
            "6_rename": 0.0001552104949951172,
            "7_convert": 0.0063018798828125
        },
        "create_final_documents": {
            "overall": 0.0003628730773925781,
            "0_rename": 0.00026607513427734375
        }
    }
}